Gregorian Month,Bangla Month Name,Date,Day Name,Bangla Date,Hijri Date,Bangla Month Full,Hijri Month Full
January,জানুয়ারি,1,বৃহঃ,১৭,12,পৌষ ১৪৩২,রজব ১৪৪৭
January,জানুয়ারি,2,শুক্র,১৮,13,পৌষ ১৪৩২,রজব ১৪৪৭
January,জানুয়ারি,3,শনি,১৯,14,পৌষ ১৪৩২,রজব ১৪৪৭
January,জানুয়ারি,4,রবি,২০,15,পৌষ ১৪৩২,রজব ১৪৪৭
January,জানুয়ারি,5,সোম,২১,16,পৌষ ১৪৩২,রজব ১৪৪৭
January,জানুয়ারি,6,মঙ্গল,২২,17,পৌষ ১৪৩২,রজব ১৪৪৭
January,জানুয়ারি,7,বুধ,২৩,18,পৌষ ১৪৩২,রজব ১৪৪৭
January,জানুয়ারি,8,বৃহঃ,২৪,19,পৌষ ১৪৩২,রজব ১৪৪৭
January,জানুয়ারি,9,শুক্র,২৫,20,পৌষ ১৪৩২,রজব ১৪৪৭
January,জানুয়ারি,10,শনি,২৬,21,পৌষ ১৪৩২,রজব ১৪৪৭
January,জানুয়ারি,11,রবি,২৭,22,পৌষ ১৪৩২,রজব ১৪৪৭
January,জানুয়ারি,12,সোম,২৮,23,পৌষ ১৪৩২,রজব ১৪৪৭
January,জানুয়ারি,13,মঙ্গল,২৯,24,পৌষ ১৪৩২,রজব ১৪৪৭
January,জানুয়ারি,14,বুধ,৩০,25,পৌষ ১৪৩২,রজব ১৪৪৭
January,জানুয়ারি,15,বৃহঃ,১,26,মাঘ ১৪৩২,রজব ১৪৪৭
January,জানুয়ারি,16,শুক্র,২,27,মাঘ ১৪৩২,রজব ১৪৪৭
January,জানুয়ারি,17,শনি,৩,28,মাঘ ১৪৩২,রজব ১৪৪৭
January,জানুয়ারি,18,রবি,৪,29,মাঘ ১৪৩২,রজব ১৪৪৭
January,জানুয়ারি,19,সোম,৫,30,মাঘ ১৪৩২,রজব ১৪৪৭
January,জানুয়ারি,20,মঙ্গল,৬,1,মাঘ ১৪৩২,শাবান ১৪৪৭
January,জানুয়ারি,21,বুধ,৭,2,মাঘ ১৪৩২,শাবান ১৪৪৭
January,জানুয়ারি,22,বৃহঃ,৮,3,মাঘ ১৪৩২,শাবান ১৪৪৭
January,জানুয়ারি,23,শুক্র,৯,4,মাঘ ১৪৩২,শাবান ১৪৪৭
January,জানুয়ারি,24,শনি,১০,5,মাঘ ১৪৩২,শাবান ১৪৪৭
January,জানুয়ারি,25,রবি,১১,6,মাঘ ১৪৩২,শাবান ১৪৪৭
January,জানুয়ারি,26,সোম,১২,7,মাঘ ১৪৩২,শাবান ১৪৪৭
January,জানুয়ারি,27,মঙ্গল,১৩,8,মাঘ ১৪৩২,শাবান ১৪৪৭
January,জানুয়ারি,28,বুধ,১৪,9,মাঘ ১৪৩২,শাবান ১৪৪৭
January,জানুয়ারি,29,বৃহঃ,১৫,10,মাঘ ১৪৩২,শাবান ১৪৪৭
January,জানুয়ারি,30,শুক্র,১৬,11,মাঘ ১৪৩২,শাবান ১৪৪৭
January,জানুয়ারি,31,শনি,১৭,12,মাঘ ১৪৩২,শাবান ১৪৪৭
February,ফেব্রুয়ারি,1,রবি,১৮,13,মাঘ ১৪৩২,শাবান ১৪৪৭
February,ফেব্রুয়ারি,2,সোম,১৯,14,মাঘ ১৪৩২,শাবান ১৪৪৭
February,ফেব্রুয়ারি,3,মঙ্গল,২০,15,মাঘ ১৪৩২,শাবান ১৪৪৭
February,ফেব্রুয়ারি,4,বুধ,২১,16,মাঘ ১৪৩২,শাবান ১৪৪৭
February,ফেব্রুয়ারি,5,বৃহঃ,২২,17,মাঘ ১৪৩২,শাবান ১৪৪৭
February,ফেব্রুয়ারি,6,শুক্র,২৩,18,মাঘ ১৪৩২,শাবান ১৪৪৭
February,ফেব্রুয়ারি,7,শনি,২৪,19,মাঘ ১৪৩২,শাবান ১৪৪৭
February,ফেব্রুয়ারি,8,রবি,২৫,20,মাঘ ১৪৩২,শাবান ১৪৪৭
February,ফেব্রুয়ারি,9,সোম,২৬,21,মাঘ ১৪৩২,শাবান ১৪৪৭
February,ফেব্রুয়ারি,10,মঙ্গল,২৭,22,মাঘ ১৪৩২,শাবান ১৪৪৭
February,ফেব্রুয়ারি,11,বুধ,২৮,23,মাঘ ১৪৩২,শাবান ১৪৪৭
February,ফেব্রুয়ারি,12,বৃহঃ,২৯,24,মাঘ ১৪৩২,শাবান ১৪৪৭
February,ফেব্রুয়ারি,13,শুক্র,৩০,25,মাঘ ১৪৩২,শাবান ১৪৪৭
February,ফেব্রুয়ারি,14,শনি,১,26,ফাল্গুন ১৪৩২,শাবান ১৪৪৭
February,ফেব্রুয়ারি,15,রবি,২,27,ফাল্গুন ১৪৩২,শাবান ১৪৪৭
February,ফেব্রুয়ারি,16,সোম,৩,28,ফাল্গুন ১৪৩২,শাবান ১৪৪৭
February,ফেব্রুয়ারি,17,মঙ্গল,৪,29,ফাল্গুন ১৪৩২,শাবান ১৪৪৭
February,ফেব্রুয়ারি,18,বুধ,৫,1,ফাল্গুন ১৪৩২,রমজান ১৪৪৭
February,ফেব্রুয়ারি,19,বৃহঃ,৬,2,ফাল্গুন ১৪৩২,রমজান ১৪৪৭
February,ফেব্রুয়ারি,20,শুক্র,৭,3,ফাল্গুন ১৪৩২,রমজান ১৪৪৭
February,ফেব্রুয়ারি,21,শনি,৮,4,ফাল্গুন ১৪৩২,রমজান ১৪৪৭
February,ফেব্রুয়ারি,22,রবি,৯,5,ফাল্গুন ১৪৩২,রমজান ১৪৪৭
February,ফেব্রুয়ারি,23,সোম,১০,6,ফাল্গুন ১৪৩২,রমজান ১৪৪৭
February,ফেব্রুয়ারি,24,মঙ্গল,১১,7,ফাল্গুন ১৪৩২,রমজান ১৪৪৭
February,ফেব্রুয়ারি,25,বুধ,১২,8,ফাল্গুন ১৪৩২,রমজান ১৪৪৭
February,ফেব্রুয়ারি,26,বৃহঃ,১৩,9,ফাল্গুন ১৪৩২,রমজান ১৪৪৭
February,ফেব্রুয়ারি,27,শুক্র,১৪,10,ফাল্গুন ১৪৩২,রমজান ১৪৪৭
February,ফেব্রুয়ারি,28,শনি,১৫,11,ফাল্গুন ১৪৩২,রমজান ১৪৪৭
March,মার্চ,1,রবি,১৬,12,ফাল্গুন ১৪৩২,রমজান ১৪৪৭
March,মার্চ,2,সোম,১৭,13,ফাল্গুন ১৪৩২,রমজান ১৪৪৭
March,মার্চ,3,মঙ্গল,১৮,14,ফাল্গুন ১৪৩২,রমজান ১৪৪৭
March,মার্চ,4,বুধ,১৯,15,ফাল্গুন ১৪৩২,রমজান ১৪৪৭
March,মার্চ,5,বৃহঃ,২০,16,ফাল্গুন ১৪৩২,রমজান ১৪৪৭
March,মার্চ,6,শুক্র,২১,17,ফাল্গুন ১৪৩২,রমজান ১৪৪৭
March,মার্চ,7,শনি,২২,18,ফাল্গুন ১৪৩২,রমজান ১৪৪৭
March,মার্চ,8,রবি,২৩,19,ফাল্গুন ১৪৩২,রমজান ১৪৪৭
March,মার্চ,9,সোম,২৪,20,ফাল্গুন ১৪৩২,রমজান ১৪৪৭
March,মার্চ,10,মঙ্গল,২৫,21,ফাল্গুন ১৪৩২,রমজান ১৪৪৭
March,মার্চ,11,বুধ,২৬,22,ফাল্গুন ১৪৩২,রমজান ১৪৪৭
March,মার্চ,12,বৃহঃ,২৭,23,ফাল্গুন ১৪৩২,রমজান ১৪৪৭
March,মার্চ,13,শুক্র,২৮,24,ফাল্গুন ১৪৩২,রমজান ১৪৪৭
March,মার্চ,14,শনি,২৯,25,ফাল্গুন ১৪৩২,রমজান ১৪৪৭
March,মার্চ,15,রবি,১,26,চৈত্র ১৪৩২,রমজান ১৪৪৭
March,মার্চ,16,সোম,২,27,চৈত্র ১৪৩২,রমজান ১৪৪৭
March,মার্চ,17,মঙ্গল,৩,28,চৈত্র ১৪৩২,রমজান ১৪৪৭
March,মার্চ,18,বুধ,৪,29,চৈত্র ১৪৩২,রমজান ১৪৪৭
March,মার্চ,19,বৃহঃ,৫,30,চৈত্র ১৪৩২,রমজান ১৪৪৭
March,মার্চ,20,শুক্র,৬,1,চৈত্র ১৪৩২,শাওয়াল ১৪৪৭
March,মার্চ,21,শনি,৭,2,চৈত্র ১৪৩২,শাওয়াল ১৪৪৭
March,মার্চ,22,রবি,৮,3,চৈত্র ১৪৩২,শাওয়াল ১৪৪৭
March,মার্চ,23,সোম,৯,4,চৈত্র ১৪৩২,শাওয়াল ১৪৪৭
March,মার্চ,24,মঙ্গল,১০,5,চৈত্র ১৪৩২,শাওয়াল ১৪৪৭
March,মার্চ,25,বুধ,১১,6,চৈত্র ১৪৩২,শাওয়াল ১৪৪৭
March,মার্চ,26,বৃহঃ,১২,7,চৈত্র ১৪৩২,শাওয়াল ১৪৪৭
March,মার্চ,27,শুক্র,১৩,8,চৈত্র ১৪৩২,শাওয়াল ১৪৪৭
March,মার্চ,28,শনি,১৪,9,চৈত্র ১৪৩২,শাওয়াল ১৪৪৭
March,মার্চ,29,রবি,১৫,10,চৈত্র ১৪৩২,শাওয়াল ১৪৪৭
March,মার্চ,30,সোম,১৬,11,চৈত্র ১৪৩২,শাওয়াল ১৪৪৭
March,মার্চ,31,মঙ্গল,১৭,12,চৈত্র ১৪৩২,শাওয়াল ১৪৪৭
April,এপ্রিল,1,বুধ,১৮,13,চৈত্র ১৪৩২,শাওয়াল ১৪৪৭
April,এপ্রিল,2,বৃহঃ,১৯,14,চৈত্র ১৪৩২,শাওয়াল ১৪৪৭
April,এপ্রিল,3,শুক্র,২০,15,চৈত্র ১৪৩২,শাওয়াল ১৪৪৭
April,এপ্রিল,4,শনি,২১,16,চৈত্র ১৪৩২,শাওয়াল ১৪৪৭
April,এপ্রিল,5,রবি,২২,17,চৈত্র ১৪৩২,শাওয়াল ১৪৪৭
April,এপ্রিল,6,সোম,২৩,18,চৈত্র ১৪৩২,শাওয়াল ১৪৪৭
April,এপ্রিল,7,মঙ্গল,২৪,19,চৈত্র ১৪৩২,শাওয়াল ১৪৪৭
April,এপ্রিল,8,বুধ,২৫,20,চৈত্র ১৪৩২,শাওয়াল ১৪৪৭
April,এপ্রিল,9,বৃহঃ,২৬,21,চৈত্র ১৪৩২,শাওয়াল ১৪৪৭
April,এপ্রিল,10,শুক্র,২৭,22,চৈত্র ১৪৩২,শাওয়াল ১৪৪৭
April,এপ্রিল,11,শনি,২৮,23,চৈত্র ১৪৩২,শাওয়াল ১৪৪৭
April,এপ্রিল,12,রবি,২৯,24,চৈত্র ১৪৩২,শাওয়াল ১৪৪৭
April,এপ্রিল,13,সোম,৩০,25,চৈত্র ১৪৩২,শাওয়াল ১৪৪৭
April,এপ্রিল,14,মঙ্গল,১,26,বৈশাখ ১৪৩৩,শাওয়াল ১৪৪৭
April,এপ্রিল,15,বুধ,২,27,বৈশাখ ১৪৩৩,শাওয়াল ১৪৪৭
April,এপ্রিল,16,বৃহঃ,৩,28,বৈশাখ ১৪৩৩,শাওয়াল ১৪৪৭
April,এপ্রিল,17,শুক্র,৪,29,বৈশাখ ১৪৩৩,শাওয়াল ১৪৪৭
April,এপ্রিল,18,শনি,৫,1,বৈশাখ ১৪৩৩,জিলকদ ১৪৪৭
April,এপ্রিল,19,রবি,৬,2,বৈশাখ ১৪৩৩,জিলকদ ১৪৪৭
April,এপ্রিল,20,সোম,৭,3,বৈশাখ ১৪৩৩,জিলকদ ১৪৪৭
April,এপ্রিল,21,মঙ্গল,৮,4,বৈশাখ ১৪৩৩,জিলকদ ১৪৪৭
April,এপ্রিল,22,বুধ,৯,5,বৈশাখ ১৪৩৩,জিলকদ ১৪৪৭
April,এপ্রিল,23,বৃহঃ,১০,6,বৈশাখ ১৪৩৩,জিলকদ ১৪৪৭
April,এপ্রিল,24,শুক্র,১১,7,বৈশাখ ১৪৩৩,জিলকদ ১৪৪৭
April,এপ্রিল,25,শনি,১২,8,বৈশাখ ১৪৩৩,জিলকদ ১৪৪৭
April,এপ্রিল,26,রবি,১৩,9,বৈশাখ ১৪৩৩,জিলকদ ১৪৪৭
April,এপ্রিল,27,সোম,১৪,10,বৈশাখ ১৪৩৩,জিলকদ ১৪৪৭
April,এপ্রিল,28,মঙ্গল,১৫,11,বৈশাখ ১৪৩৩,জিলকদ ১৪৪৭
April,এপ্রিল,29,বুধ,১৬,12,বৈশাখ ১৪৩৩,জিলকদ ১৪৪৭
April,এপ্রিল,30,বৃহঃ,১৭,13,বৈশাখ ১৪৩৩,জিলকদ ১৪৪৭
May,মে,1,শুক্র,১৮,14,বৈশাখ ১৪৩৩,জিলকদ ১৪৪৭
May,মে,2,শনি,১৯,15,বৈশাখ ১৪৩৩,জিলকদ ১৪৪৭
May,মে,3,রবি,২০,16,বৈশাখ ১৪৩৩,জিলকদ ১৪৪৭
May,মে,4,সোম,২১,17,বৈশাখ ১৪৩৩,জিলকদ ১৪৪৭
May,মে,5,মঙ্গল,২২,18,বৈশাখ ১৪৩৩,জিলকদ ১৪৪৭
May,মে,6,বুধ,২৩,19,বৈশাখ ১৪৩৩,জিলকদ ১৪৪৭
May,মে,7,বৃহঃ,২৪,20,বৈশাখ ১৪৩৩,জিলকদ ১৪৪৭
May,মে,8,শুক্র,২৫,21,বৈশাখ ১৪৩৩,জিলকদ ১৪৪৭
May,মে,9,শনি,২৬,22,বৈশাখ ১৪৩৩,জিলকদ ১৪৪৭
May,মে,10,রবি,২৭,23,বৈশাখ ১৪৩৩,জিলকদ ১৪৪৭
May,মে,11,সোম,২৮,24,বৈশাখ ১৪৩৩,জিলকদ ১৪৪৭
May,মে,12,মঙ্গল,২৯,25,বৈশাখ ১৪৩৩,জিলকদ ১৪৪৭
May,মে,13,বুধ,৩০,26,বৈশাখ ১৪৩৩,জিলকদ ১৪৪৭
May,মে,14,বৃহঃ,৩১,27,বৈশাখ ১৪৩৩,জিলকদ ১৪৪৭
May,মে,15,শুক্র,১,28,জ্যৈষ্ঠ ১৪৩৩,জিলকদ ১৪৪৭
May,মে,16,শনি,২,29,জ্যৈষ্ঠ ১৪৩৩,জিলকদ ১৪৪৭
May,মে,17,রবি,৩,30,জ্যৈষ্ঠ ১৪৩৩,জিলকদ ১৪৪৭
May,মে,18,সোম,৪,1,জ্যৈষ্ঠ ১৪৩৩,জিলহজ্জ ১৪৪৭
May,মে,19,মঙ্গল,৫,2,জ্যৈষ্ঠ ১৪৩৩,জিলহজ্জ ১৪৪৭
May,মে,20,বুধ,৬,3,জ্যৈষ্ঠ ১৪৩৩,জিলহজ্জ ১৪৪৭
May,মে,21,বৃহঃ,৭,4,জ্যৈষ্ঠ ১৪৩৩,জিলহজ্জ ১৪৪৭
May,মে,22,শুক্র,৮,5,জ্যৈষ্ঠ ১৪৩৩,জিলহজ্জ ১৪৪৭
May,মে,23,শনি,৯,6,জ্যৈষ্ঠ ১৪৩৩,জিলহজ্জ ১৪৪৭
May,মে,24,রবি,১০,7,জ্যৈষ্ঠ ১৪৩৩,জিলহজ্জ ১৪৪৭
May,মে,25,সোম,১১,8,জ্যৈষ্ঠ ১৪৩৩,জিলহজ্জ ১৪৪৭
May,মে,26,মঙ্গল,১২,9,জ্যৈষ্ঠ ১৪৩৩,জিলহজ্জ ১৪৪৭
May,মে,27,বুধ,১৩,10,জ্যৈষ্ঠ ১৪৩৩,জিলহজ্জ ১৪৪৭
May,মে,28,বৃহঃ,১৪,11,জ্যৈষ্ঠ ১৪৩৩,জিলহজ্জ ১৪৪৭
May,মে,29,শুক্র,১৫,12,জ্যৈষ্ঠ ১৪৩৩,জিলহজ্জ ১৪৪৭
May,মে,30,শনি,১৬,13,জ্যৈষ্ঠ ১৪৩৩,জিলহজ্জ ১৪৪৭
May,মে,31,রবি,১৭,14,জ্যৈষ্ঠ ১৪৩৩,জিলহজ্জ ১৪৪৭
June,জুন,1,সোম,১৮,15,জ্যৈষ্ঠ ১৪৩৩,জিলহজ্জ ১৪৪৭
June,জুন,2,মঙ্গল,১৯,16,জ্যৈষ্ঠ ১৪৩৩,জিলহজ্জ ১৪৪৭
June,জুন,3,বুধ,২০,17,জ্যৈষ্ঠ ১৪৩৩,জিলহজ্জ ১৪৪৭
June,জুন,4,বৃহঃ,২১,18,জ্যৈষ্ঠ ১৪৩৩,জিলহজ্জ ১৪৪৭
June,জুন,5,শুক্র,২২,19,জ্যৈষ্ঠ ১৪৩৩,জিলহজ্জ ১৪৪৭
June,জুন,6,শনি,২৩,20,জ্যৈষ্ঠ ১৪৩৩,জিলহজ্জ ১৪৪৭
June,জুন,7,রবি,২৪,21,জ্যৈষ্ঠ ১৪৩৩,জিলহজ্জ ১৪৪৭
June,জুন,8,সোম,২৫,22,জ্যৈষ্ঠ ১৪৩৩,জিলহজ্জ ১৪৪৭
June,জুন,9,মঙ্গল,২৬,23,জ্যৈষ্ঠ ১৪৩৩,জিলহজ্জ ১৪৪৭
June,জুন,10,বুধ,২৭,24,জ্যৈষ্ঠ ১৪৩৩,জিলহজ্জ ১৪৪৭
June,জুন,11,বৃহঃ,২৮,25,জ্যৈষ্ঠ ১৪৩৩,জিলহজ্জ ১৪৪৭
June,জুন,12,শুক্র,২৯,26,জ্যৈষ্ঠ ১৪৩৩,জিলহজ্জ ১৪৪৭
June,জুন,13,শনি,৩০,27,জ্যৈষ্ঠ ১৪৩৩,জিলহজ্জ ১৪৪৭
June,জুন,14,রবি,৩১,28,জ্যৈষ্ঠ ১৪৩৩,জিলহজ্জ ১৪৪৭
June,জুন,15,সোম,১,29,আষাঢ় ১৪৩৩,জিলহজ্জ ১৪৪৭
June,জুন,16,মঙ্গল,২,30,আষাঢ় ১৪৩৩,জিলহজ্জ ১৪৪৭
June,জুন,17,বুধ,৩,1,আষাঢ় ১৪৩৩,মহররম ১৪৪৮
June,জুন,18,বৃহঃ,৪,2,আষাঢ় ১৪৩৩,মহররম ১৪৪৮
June,জুন,19,শুক্র,৫,3,আষাঢ় ১৪৩৩,মহররম ১৪৪৮
June,জুন,20,শনি,৬,4,আষাঢ় ১৪৩৩,মহররম ১৪৪৮
June,জুন,21,রবি,৭,5,আষাঢ় ১৪৩৩,মহররম ১৪৪৮
June,জুন,22,সোম,৮,6,আষাঢ় ১৪৩৩,মহররম ১৪৪৮
June,জুন,23,মঙ্গল,৯,7,আষাঢ় ১৪৩৩,মহররম ১৪৪৮
June,জুন,24,বুধ,১০,8,আষাঢ় ১৪৩৩,মহররম ১৪৪৮
June,জুন,25,বৃহঃ,১১,9,আষাঢ় ১৪৩৩,মহররম ১৪৪৮
June,জুন,26,শুক্র,১২,10,আষাঢ় ১৪৩৩,মহররম ১৪৪৮
June,জুন,27,শনি,১৩,11,আষাঢ় ১৪৩৩,মহররম ১৪৪৮
June,জুন,28,রবি,১৪,12,আষাঢ় ১৪৩৩,মহররম ১৪৪৮
June,জুন,29,সোম,১৫,13,আষাঢ় ১৪৩৩,মহররম ১৪৪৮
June,জুন,30,মঙ্গল,১৬,14,আষাঢ় ১৪৩৩,মহররম ১৪৪৮
July,জুলাই,1,বুধ,১৭,15,আষাঢ় ১৪৩৩,মহররম ১৪৪৮
July,জুলাই,2,বৃহঃ,১৮,16,আষাঢ় ১৪৩৩,মহররম ১৪৪৮
July,জুলাই,3,শুক্র,১৯,17,আষাঢ় ১৪৩৩,মহররম ১৪৪৮
July,জুলাই,4,শনি,২০,18,আষাঢ় ১৪৩৩,মহররম ১৪৪৮
July,জুলাই,5,রবি,২১,19,আষাঢ় ১৪৩৩,মহররম ১৪৪৮
July,জুলাই,6,সোম,২২,20,আষাঢ় ১৪৩৩,মহররম ১৪৪৮
July,জুলাই,7,মঙ্গল,২৩,21,আষাঢ় ১৪৩৩,মহররম ১৪৪৮
July,জুলাই,8,বুধ,২৪,22,আষাঢ় ১৪৩৩,মহররম ১৪৪৮
July,জুলাই,9,বৃহঃ,২৫,23,আষাঢ় ১৪৩৩,মহররম ১৪৪৮
July,জুলাই,10,শুক্র,২৬,24,আষাঢ় ১৪৩৩,মহররম ১৪৪৮
July,জুলাই,11,শনি,২৭,25,আষাঢ় ১৪৩৩,মহররম ১৪৪৮
July,জুলাই,12,রবি,২৮,26,আষাঢ় ১৪৩৩,মহররম ১৪৪৮
July,জুলাই,13,সোম,২৯,27,আষাঢ় ১৪৩৩,মহররম ১৪৪৮
July,জুলাই,14,মঙ্গল,৩০,28,আষাঢ় ১৪৩৩,মহররম ১৪৪৮
July,জুলাই,15,বুধ,৩১,29,আষাঢ় ১৪৩৩,মহররম ১৪৪৮
July,জুলাই,16,বৃহঃ,১,30,শ্রাবণ ১৪৩৩,মহররম ১৪৪৮
July,জুলাই,17,শুক্র,২,1,শ্রাবণ ১৪৩৩,সফর ১৪৪৮
July,জুলাই,18,শনি,৩,2,শ্রাবণ ১৪৩৩,সফর ১৪৪৮
July,জুলাই,19,রবি,৪,3,শ্রাবণ ১৪৩৩,সফর ১৪৪৮
July,জুলাই,20,সোম,৫,4,শ্রাবণ ১৪৩৩,সফর ১৪৪৮
July,জুলাই,21,মঙ্গল,৬,5,শ্রাবণ ১৪৩৩,সফর ১৪৪৮
July,জুলাই,22,বুধ,৭,6,শ্রাবণ ১৪৩৩,সফর ১৪৪৮
July,জুলাই,23,বৃহঃ,৮,7,শ্রাবণ ১৪৩৩,সফর ১৪৪৮
July,জুলাই,24,শুক্র,৯,8,শ্রাবণ ১৪৩৩,সফর ১৪৪৮
July,জুলাই,25,শনি,১০,9,শ্রাবণ ১৪৩৩,সফর ১৪৪৮
July,জুলাই,26,রবি,১১,10,শ্রাবণ ১৪৩৩,সফর ১৪৪৮
July,জুলাই,27,সোম,১২,11,শ্রাবণ ১৪৩৩,সফর ১৪৪৮
July,জুলাই,28,মঙ্গল,১৩,12,শ্রাবণ ১৪৩৩,সফর ১৪৪৮
July,জুলাই,29,বুধ,১৪,13,শ্রাবণ ১৪৩৩,সফর ১৪৪৮
July,জুলাই,30,বৃহঃ,১৫,14,শ্রাবণ ১৪৩৩,সফর ১৪৪৮
July,জুলাই,31,শুক্র,১৬,15,শ্রাবণ ১৪৩৩,সফর ১৪৪৮
August,আগস্ট,1,শনি,১৭,16,শ্রাবণ ১৪৩৩,সফর ১৪৪৮
August,আগস্ট,2,রবি,১৮,17,শ্রাবণ ১৪৩৩,সফর ১৪৪৮
August,আগস্ট,3,সোম,১৯,18,শ্রাবণ ১৪৩৩,সফর ১৪৪৮
August,আগস্ট,4,মঙ্গল,২০,19,শ্রাবণ ১৪৩৩,সফর ১৪৪৮
August,আগস্ট,5,বুধ,২১,20,শ্রাবণ ১৪৩৩,সফর ১৪৪৮
August,আগস্ট,6,বৃহঃ,২২,21,শ্রাবণ ১৪৩৩,সফর ১৪৪৮
August,আগস্ট,7,শুক্র,২৩,22,শ্রাবণ ১৪৩৩,সফর ১৪৪৮
August,আগস্ট,8,শনি,২৪,23,শ্রাবণ ১৪৩৩,সফর ১৪৪৮
August,আগস্ট,9,রবি,২৫,24,শ্রাবণ ১৪৩৩,সফর ১৪৪৮
August,আগস্ট,10,সোম,২৬,25,শ্রাবণ ১৪৩৩,সফর ১৪৪৮
August,আগস্ট,11,মঙ্গল,২৭,26,শ্রাবণ ১৪৩৩,সফর ১৪৪৮
August,আগস্ট,12,বুধ,২৮,27,শ্রাবণ ১৪৩৩,সফর ১৪৪৮
August,আগস্ট,13,বৃহঃ,২৯,28,শ্রাবণ ১৪৩৩,সফর ১৪৪৮
August,আগস্ট,14,শুক্র,৩০,29,শ্রাবণ ১৪৩৩,সফর ১৪৪৮
August,আগস্ট,15,শনি,৩১,1,শ্রাবণ ১৪৩৩,রবিউল আউয়াল ১৪৪৮
August,আগস্ট,16,রবি,১,2,ভাদ্র ১৪৩৩,রবিউল আউয়াল ১৪৪৮
August,আগস্ট,17,সোম,২,3,ভাদ্র ১৪৩৩,রবিউল আউয়াল ১৪৪৮
August,আগস্ট,18,মঙ্গল,৩,4,ভাদ্র ১৪৩৩,রবিউল আউয়াল ১৪৪৮
August,আগস্ট,19,বুধ,৪,5,ভাদ্র ১৪৩৩,রবিউল আউয়াল ১৪৪৮
August,আগস্ট,20,বৃহঃ,৫,6,ভাদ্র ১৪৩৩,রবিউল আউয়াল ১৪৪৮
August,আগস্ট,21,শুক্র,৬,7,ভাদ্র ১৪৩৩,রবিউল আউয়াল ১৪৪৮
August,আগস্ট,22,শনি,৭,8,ভাদ্র ১৪৩৩,রবিউল আউয়াল ১৪৪৮
August,আগস্ট,23,রবি,৮,9,ভাদ্র ১৪৩৩,রবিউল আউয়াল ১৪৪৮
August,আগস্ট,24,সোম,৯,10,ভাদ্র ১৪৩৩,রবিউল আউয়াল ১৪৪৮
August,আগস্ট,25,মঙ্গল,১০,11,ভাদ্র ১৪৩৩,রবিউল আউয়াল ১৪৪৮
August,আগস্ট,26,বুধ,১১,12,ভাদ্র ১৪৩৩,রবিউল আউয়াল ১৪৪৮
August,আগস্ট,27,বৃহঃ,১২,13,ভাদ্র ১৪৩৩,রবিউল আউয়াল ১৪৪৮
August,আগস্ট,28,শুক্র,১৩,14,ভাদ্র ১৪৩৩,রবিউল আউয়াল ১৪৪৮
August,আগস্ট,29,শনি,১৪,15,ভাদ্র ১৪৩৩,রবিউল আউয়াল ১৪৪৮
August,আগস্ট,30,রবি,১৫,16,ভাদ্র ১৪৩৩,রবিউল আউয়াল ১৪৪৮
August,আগস্ট,31,সোম,১৬,17,ভাদ্র ১৪৩৩,রবিউল আউয়াল ১৪৪৮
September,সেপ্টেম্বর,1,মঙ্গল,১৭,18,ভাদ্র ১৪৩৩,রবিউল আউয়াল ১৪৪৮
September,সেপ্টেম্বর,2,বুধ,১৮,19,ভাদ্র ১৪৩৩,রবিউল আউয়াল ১৪৪৮
September,সেপ্টেম্বর,3,বৃহঃ,১৯,20,ভাদ্র ১৪৩৩,রবিউল আউয়াল ১৪৪৮
September,সেপ্টেম্বর,4,শুক্র,২০,21,ভাদ্র ১৪৩৩,রবিউল আউয়াল ১৪৪৮
September,সেপ্টেম্বর,5,শনি,২১,22,ভাদ্র ১৪৩৩,রবিউল আউয়াল ১৪৪৮
September,সেপ্টেম্বর,6,রবি,২২,23,ভাদ্র ১৪৩৩,রবিউল আউয়াল ১৪৪৮
September,সেপ্টেম্বর,7,সোম,২৩,24,ভাদ্র ১৪৩৩,রবিউল আউয়াল ১৪৪৮
September,সেপ্টেম্বর,8,মঙ্গল,২৪,25,ভাদ্র ১৪৩৩,রবিউল আউয়াল ১৪৪৮
September,সেপ্টেম্বর,9,বুধ,২৫,26,ভাদ্র ১৪৩৩,রবিউল আউয়াল ১৪৪৮
September,সেপ্টেম্বর,10,বৃহঃ,২৬,27,ভাদ্র ১৪৩৩,রবিউল আউয়াল ১৪৪৮
September,সেপ্টেম্বর,11,শুক্র,২৭,28,ভাদ্র ১৪৩৩,রবিউল আউয়াল ১৪৪৮
September,সেপ্টেম্বর,12,শনি,২৮,29,ভাদ্র ১৪৩৩,রবিউল আউয়াল ১৪৪৮
September,সেপ্টেম্বর,13,রবি,২৯,30,ভাদ্র ১৪৩৩,রবিউল আউয়াল ১৪৪৮
September,সেপ্টেম্বর,14,সোম,৩০,1,ভাদ্র ১৪৩৩,রবিউস সানি ১৪৪৮
September,সেপ্টেম্বর,15,মঙ্গল,৩১,2,ভাদ্র ১৪৩৩,রবিউস সানি ১৪৪৮
September,সেপ্টেম্বর,16,বুধ,১,3,আশ্বিন ১৪৩৩,রবিউস সানি ১৪৪৮
September,সেপ্টেম্বর,17,বৃহঃ,২,4,আশ্বিন ১৪৩৩,রবিউস সানি ১৪৪৮
September,সেপ্টেম্বর,18,শুক্র,৩,5,আশ্বিন ১৪৩৩,রবিউস সানি ১৪৪৮
September,সেপ্টেম্বর,19,শনি,৪,6,আশ্বিন ১৪৩৩,রবিউস সানি ১৪৪৮
September,সেপ্টেম্বর,20,রবি,৫,7,আশ্বিন ১৪৩৩,রবিউস সানি ১৪৪৮
September,সেপ্টেম্বর,21,সোম,৬,8,আশ্বিন ১৪৩৩,রবিউস সানি ১৪৪৮
September,সেপ্টেম্বর,22,মঙ্গল,৭,9,আশ্বিন ১৪৩৩,রবিউস সানি ১৪৪৮
September,সেপ্টেম্বর,23,বুধ,৮,10,আশ্বিন ১৪৩৩,রবিউস সানি ১৪৪৮
September,সেপ্টেম্বর,24,বৃহঃ,৯,11,আশ্বিন ১৪৩৩,রবিউস সানি ১৪৪৮
September,সেপ্টেম্বর,25,শুক্র,১০,12,আশ্বিন ১৪৩৩,রবিউস সানি ১৪৪৮
September,সেপ্টেম্বর,26,শনি,১১,13,আশ্বিন ১৪৩৩,রবিউস সানি ১৪৪৮
September,সেপ্টেম্বর,27,রবি,১২,14,আশ্বিন ১৪৩৩,রবিউস সানি ১৪৪৮
September,সেপ্টেম্বর,28,সোম,১৩,15,আশ্বিন ১৪৩৩,রবিউস সানি ১৪৪৮
September,সেপ্টেম্বর,29,মঙ্গল,১৪,16,আশ্বিন ১৪৩৩,রবিউস সানি ১৪৪৮
September,সেপ্টেম্বর,30,বুধ,১৫,17,আশ্বিন ১৪৩৩,রবিউস সানি ১৪৪৮
October,অক্টোবর,1,বৃহঃ,১৬,18,আশ্বিন ১৪৩৩,রবিউস সানি ১৪৪৮
October,অক্টোবর,2,শুক্র,১৭,19,আশ্বিন ১৪৩৩,রবিউস সানি ১৪৪৮
October,অক্টোবর,3,শনি,১৮,20,আশ্বিন ১৪৩৩,রবিউস সানি ১৪৪৮
October,অক্টোবর,4,রবি,১৯,21,আশ্বিন ১৪৩৩,রবিউস সানি ১৪৪৮
October,অক্টোবর,5,সোম,২০,22,আশ্বিন ১৪৩৩,রবিউস সানি ১৪৪৮
October,অক্টোবর,6,মঙ্গল,২১,23,আশ্বিন ১৪৩৩,রবিউস সানি ১৪৪৮
October,অক্টোবর,7,বুধ,২২,24,আশ্বিন ১৪৩৩,রবিউস সানি ১৪৪৮
October,অক্টোবর,8,বৃহঃ,২৩,25,আশ্বিন ১৪৩৩,রবিউস সানি ১৪৪৮
October,অক্টোবর,9,শুক্র,২৪,26,আশ্বিন ১৪৩৩,রবিউস সানি ১৪৪৮
October,অক্টোবর,10,শনি,২৫,27,আশ্বিন ১৪৩৩,রবিউস সানি ১৪৪৮
October,অক্টোবর,11,রবি,২৬,28,আশ্বিন ১৪৩৩,রবিউস সানি ১৪৪৮
October,অক্টোবর,12,সোম,২৭,29,আশ্বিন ১৪৩৩,রবিউস সানি ১৪৪৮
October,অক্টোবর,13,মঙ্গল,২৮,1,আশ্বিন ১৪৩৩,জমাদিউল আউয়াল ১৪৪৮
October,অক্টোবর,14,বুধ,২৯,2,আশ্বিন ১৪৩৩,জমাদিউল আউয়াল ১৪৪৮
October,অক্টোবর,15,বৃহঃ,৩০,3,আশ্বিন ১৪৩৩,জমাদিউল আউয়াল ১৪৪৮
October,অক্টোবর,16,শুক্র,১,4,কার্তিক ১৪৩৩,জমাদিউল আউয়াল ১৪৪৮
October,অক্টোবর,17,শনি,২,5,কার্তিক ১৪৩৩,জমাদিউল আউয়াল ১৪৪৮
October,অক্টোবর,18,রবি,৩,6,কার্তিক ১৪৩৩,জমাদিউল আউয়াল ১৪৪৮
October,অক্টোবর,19,সোম,৪,7,কার্তিক ১৪৩৩,জমাদিউল আউয়াল ১৪৪৮
October,অক্টোবর,20,মঙ্গল,৫,8,কার্তিক ১৪৩৩,জমাদিউল আউয়াল ১৪৪৮
October,অক্টোবর,21,বুধ,৬,9,কার্তিক ১৪৩৩,জমাদিউল আউয়াল ১৪৪৮
October,অক্টোবর,22,বৃহঃ,৭,10,কার্তিক ১৪৩৩,জমাদিউল আউয়াল ১৪৪৮
October,অক্টোবর,23,শুক্র,৮,11,কার্তিক ১৪৩৩,জমাদিউল আউয়াল ১৪৪৮
October,অক্টোবর,24,শনি,৯,12,কার্তিক ১৪৩৩,জমাদিউল আউয়াল ১৪৪৮
October,অক্টোবর,25,রবি,১০,13,কার্তিক ১৪৩৩,জমাদিউল আউয়াল ১৪৪৮
October,অক্টোবর,26,সোম,১১,14,কার্তিক ১৪৩৩,জমাদিউল আউয়াল ১৪৪৮
October,অক্টোবর,27,মঙ্গল,১২,15,কার্তিক ১৪৩৩,জমাদিউল আউয়াল ১৪৪৮
October,অক্টোবর,28,বুধ,১৩,16,কার্তিক ১৪৩৩,জমাদিউল আউয়াল ১৪৪৮
October,অক্টোবর,29,বৃহঃ,১৪,17,কার্তিক ১৪৩৩,জমাদিউল আউয়াল ১৪৪৮
October,অক্টোবর,30,শুক্র,১৫,18,কার্তিক ১৪৩৩,জমাদিউল আউয়াল ১৪৪৮
October,অক্টোবর,31,শনি,১৬,19,কার্তিক ১৪৩৩,জমাদিউল আউয়াল ১৪৪৮
November,নভেম্বর,1,রবি,১৭,20,কার্তিক ১৪৩৩,জমাদিউল আউয়াল ১৪৪৮
November,নভেম্বর,2,সোম,১৮,21,কার্তিক ১৪৩৩,জমাদিউল আউয়াল ১৪৪৮
November,নভেম্বর,3,মঙ্গল,১৯,22,কার্তিক ১৪৩৩,জমাদিউল আউয়াল ১৪৪৮
November,নভেম্বর,4,বুধ,২০,23,কার্তিক ১৪৩৩,জমাদিউল আউয়াল ১৪৪৮
November,নভেম্বর,5,বৃহঃ,২১,24,কার্তিক ১৪৩৩,জমাদিউল আউয়াল ১৪৪৮
November,নভেম্বর,6,শুক্র,২২,25,কার্তিক ১৪৩৩,জমাদিউল আউয়াল ১৪৪৮
November,নভেম্বর,7,শনি,২৩,26,কার্তিক ১৪৩৩,জমাদিউল আউয়াল ১৪৪৮
November,নভেম্বর,8,রবি,২৪,27,কার্তিক ১৪৩৩,জমাদিউল আউয়াল ১৪৪৮
November,নভেম্বর,9,সোম,২৫,28,কার্তিক ১৪৩৩,জমাদিউল আউয়াল ১৪৪৮
November,নভেম্বর,10,মঙ্গল,২৬,29,কার্তিক ১৪৩৩,জমাদিউল আউয়াল ১৪৪৮
November,নভেম্বর,11,বুধ,২৭,30,কার্তিক ১৪৩৩,জমাদিউল আউয়াল ১৪৪৮
November,নভেম্বর,12,বৃহঃ,২৮,1,কার্তিক ১৪৩৩,জমাদিউল সানি ১৪৪৮
November,নভেম্বর,13,শুক্র,২৯,2,কার্তিক ১৪৩৩,জমাদিউল সানি ১৪৪৮
November,নভেম্বর,14,শনি,৩০,3,কার্তিক ১৪৩৩,জমাদিউল সানি ১৪৪৮
November,নভেম্বর,15,রবি,১,4,অগ্রহায়ণ ১৪৩৩,জমাদিউল সানি ১৪৪৮
November,নভেম্বর,16,সোম,২,5,অগ্রহায়ণ ১৪৩৩,জমাদিউল সানি ১৪৪৮
November,নভেম্বর,17,মঙ্গল,৩,6,অগ্রহায়ণ ১৪৩৩,জমাদিউল সানি ১৪৪৮
November,নভেম্বর,18,বুধ,৪,7,অগ্রহায়ণ ১৪৩৩,জমাদিউল সানি ১৪৪৮
November,নভেম্বর,19,বৃহঃ,৫,8,অগ্রহায়ণ ১৪৩৩,জমাদিউল সানি ১৪৪৮
November,নভেম্বর,20,শুক্র,৬,9,অগ্রহায়ণ ১৪৩৩,জমাদিউল সানি ১৪৪৮
November,নভেম্বর,21,শনি,৭,10,অগ্রহায়ণ ১৪৩৩,জমাদিউল সানি ১৪৪৮
November,নভেম্বর,22,রবি,৮,11,অগ্রহায়ণ ১৪৩৩,জমাদিউল সানি ১৪৪৮
November,নভেম্বর,23,সোম,৯,12,অগ্রহায়ণ ১৪৩৩,জমাদিউল সানি ১৪৪৮
November,নভেম্বর,24,মঙ্গল,১০,13,অগ্রহায়ণ ১৪৩৩,জমাদিউল সানি ১৪৪৮
November,নভেম্বর,25,বুধ,১১,14,অগ্রহায়ণ ১৪৩৩,জমাদিউল সানি ১৪৪৮
November,নভেম্বর,26,বৃহঃ,১২,15,অগ্রহায়ণ ১৪৩৩,জমাদিউল সানি ১৪৪৮
November,নভেম্বর,27,শুক্র,১৩,16,অগ্রহায়ণ ১৪৩৩,জমাদিউল সানি ১৪৪৮
November,নভেম্বর,28,শনি,১৪,17,অগ্রহায়ণ ১৪৩৩,জমাদিউল সানি ১৪৪৮
November,নভেম্বর,29,রবি,১৫,18,অগ্রহায়ণ ১৪৩৩,জমাদিউল সানি ১৪৪৮
November,নভেম্বর,30,সোম,১৬,19,অগ্রহায়ণ ১৪৩৩,জমাদিউল সানি ১৪৪৮
December,ডিসেম্বর,1,মঙ্গল,১৭,20,অগ্রহায়ণ ১৪৩৩,জমাদিউল সানি ১৪৪৮
December,ডিসেম্বর,2,বুধ,১৮,21,অগ্রহায়ণ ১৪৩৩,জমাদিউল সানি ১৪৪৮
December,ডিসেম্বর,3,বৃহঃ,১৯,22,অগ্রহায়ণ ১৪৩৩,জমাদিউল সানি ১৪৪৮
December,ডিসেম্বর,4,শুক্র,২০,23,অগ্রহায়ণ ১৪৩৩,জমাদিউল সানি ১৪৪৮
December,ডিসেম্বর,5,শনি,২১,24,অগ্রহায়ণ ১৪৩৩,জমাদিউল সানি ১৪৪৮
December,ডিসেম্বর,6,রবি,২২,25,অগ্রহায়ণ ১৪৩৩,জমাদিউল সানি ১৪৪৮
December,ডিসেম্বর,7,সোম,২৩,26,অগ্রহায়ণ ১৪৩৩,জমাদিউল সানি ১৪৪৮
December,ডিসেম্বর,8,মঙ্গল,২৪,27,অগ্রহায়ণ ১৪৩৩,জমাদিউল সানি ১৪৪৮
December,ডিসেম্বর,9,বুধ,২৫,28,অগ্রহায়ণ ১৪৩৩,জমাদিউল সানি ১৪৪৮
December,ডিসেম্বর,10,বৃহঃ,২৬,29,অগ্রহায়ণ ১৪৩৩,জমাদিউল সানি ১৪৪৮
December,ডিসেম্বর,11,শুক্র,২৭,1,অগ্রহায়ণ ১৪৩৩,রজব ১৪৪৮
December,ডিসেম্বর,12,শনি,২৮,2,অগ্রহায়ণ ১৪৩৩,রজব ১৪৪৮
December,ডিসেম্বর,13,রবি,২৯,3,অগ্রহায়ণ ১৪৩৩,রজব ১৪৪৮
December,ডিসেম্বর,14,সোম,৩০,4,অগ্রহায়ণ ১৪৩৩,রজব ১৪৪৮
December,ডিসেম্বর,15,মঙ্গল,১,5,পৌষ ১৪৩৩,রজব ১৪৪৮
December,ডিসেম্বর,16,বুধ,২,6,পৌষ ১৪৩৩,রজব ১৪৪৮
December,ডিসেম্বর,17,বৃহঃ,৩,7,পৌষ ১৪৩৩,রজব ১৪৪৮
December,ডিসেম্বর,18,শুক্র,৪,8,পৌষ ১৪৩৩,রজব ১৪৪৮
December,ডিসেম্বর,19,শনি,৫,9,পৌষ ১৪৩৩,রজব ১৪৪৮
December,ডিসেম্বর,20,রবি,৬,10,পৌষ ১৪৩৩,রজব ১৪৪৮
December,ডিসেম্বর,21,সোম,৭,11,পৌষ ১৪৩৩,রজব ১৪৪৮
December,ডিসেম্বর,22,মঙ্গল,৮,12,পৌষ ১৪৩৩,রজব ১৪৪৮
December,ডিসেম্বর,23,বুধ,৯,13,পৌষ ১৪৩৩,রজব ১৪৪৮
December,ডিসেম্বর,24,বৃহঃ,১০,14,পৌষ ১৪৩৩,রজব ১৪৪৮
December,ডিসেম্বর,25,শুক্র,১১,15,পৌষ ১৪৩৩,রজব ১৪৪৮
December,ডিসেম্বর,26,শনি,১২,16,পৌষ ১৪৩৩,রজব ১৪৪৮
December,ডিসেম্বর,27,রবি,১৩,17,পৌষ ১৪৩৩,রজব ১৪৪৮
December,ডিসেম্বর,28,সোম,১৪,18,পৌষ ১৪৩৩,রজব ১৪৪৮
December,ডিসেম্বর,29,মঙ্গল,১৫,19,পৌষ ১৪৩৩,রজব ১৪৪৮
December,ডিসেম্বর,30,বুধ,১৬,20,পৌষ ১৪৩৩,রজব ১৪৪৮
December,ডিসেম্বর,31,বৃহঃ,১৭,21,পৌষ ১৪৩৩,রজব ১৪৪৮
